Date,Value,Territory
2024-06-23,83.54901961,K6-10
2024-07-28,81.84259259,K6-10
2024-08-22,51,K6-10
2024-09-23,51.82142857,K6-10
2024-06-21,69.74336283,K3-10
2024-07-29,61.4,K3-10
2024-08-20,66.85714286,K3-10
2024-09-22,80.36697248,K3-10
2024-06-21,75.2,K3-08
2024-07-29,68.04587156,K3-08
2024-08-20,75.12149533,K3-08
2024-09-22,90.31531532,K3-08
2024-06-23,99.1588785,K5-04
2024-07-28,77.59793814,K5-04
2024-08-22,46.42857143,K5-04
2024-09-22,50.85964912,K5-04
2024-06-22,75.77391304,K2-10
2024-07-27,34.30588235,K2-10
2024-08-20,68.6635514,K2-10
2024-09-22,59.71428571,K2-10
2024-06-22,107.4018692,K2-02
2024-07-27,40.28409091,K2-02
2024-08-20,79.59793814,K2-02
2024-09-22,98.31623932,K2-02
2024-06-21,84.04807692,K3-06
2024-07-29,75.80582524,K3-06
2024-08-20,82.02884615,K3-06
2024-09-22,95.72807018,K3-06
2024-06-21,81.64150943,K1-02
2024-07-27,51.05797101,K1-02
2024-08-20,63.44329897,K1-02
2024-09-22,75.55855856,K1-02
2024-06-23,78.89565217,K5-10
2024-07-28,47.40566038,K5-10
2024-08-22,39.96,K5-10
2024-09-22,43.60185185,K5-10
2024-06-22,72.60909091,K4-06
2024-07-28,46.03809524,K4-06
2024-08-20,48.51428571,K4-06
2024-09-22,40.24324324,K4-06
2024-06-22,92.58715596,K4-10
2024-07-28,49.76635514,K4-10
2024-08-20,56.22772277,K4-10
2024-09-22,71.14285714,K4-10
2024-06-22,95.51818182,K4-02
2024-07-28,50.04761905,K4-02
2024-08-20,68.85436893,K4-02
2024-09-22,60.73770492,K4-02
2024-06-23,96.19266055,K6-06
2024-07-28,95.06,K6-06
2024-08-22,53.63636364,K6-06
2024-09-23,64.92156863,K6-06
2024-06-23,79.42592593,K5-02
2024-07-28,47.51,K5-02
2024-08-22,37.55555556,K5-02
2024-09-22,42.45217391,K5-02
2024-06-22,86.42201835,K4-08
2024-07-28,41.56164384,K4-08
2024-08-20,50.04854369,K4-08
2024-09-22,58.83928571,K4-08
2024-06-21,100.1946903,K1-04
2024-07-27,75.60194175,K1-04
2024-08-20,73.43809524,K1-04
2024-09-22,93.95238095,K1-04
2024-06-22,108.9313725,K4-04
2024-07-28,58.63716814,K4-04
2024-08-20,61.17142857,K4-04
2024-09-22,72.18852459,K4-04
2024-06-23,76.15151515,K6-08
2024-07-28,71.33018868,K6-08
2024-08-22,41.22727273,K6-08
2024-09-23,35.56074766,K6-08
2024-06-23,78.79487179,K5-06
2024-07-28,57.54368932,K5-06
2024-08-22,49.40366972,K5-06
2024-09-22,59.01769912,K5-06
2024-06-21,92.05172414,K1-06
2024-07-27,85.23529412,K1-06
2024-08-20,67.90566038,K1-06
2024-09-22,90.38596491,K1-06
2024-06-22,83.1372549,K2-04
2024-07-27,56.82474227,K2-04
2024-08-20,61.4245283,K2-04
2024-09-22,80.94782609,K2-04
2024-06-22,88.58119658,K2-08
2024-07-27,52.11111111,K2-08
2024-08-20,53.94230769,K2-08
2024-09-22,57.31034483,K2-08
2024-06-23,96.47222222,K5-08
2024-07-28,54.93269231,K5-08
2024-08-22,45.85526316,K5-08
2024-09-22,51.00884956,K5-08
2024-06-23,122.0090909,K6-02
2024-07-28,126.7378641,K6-02
2024-08-22,64.6952381,K6-02
2024-09-23,71.95283019,K6-02
2024-06-22,80.16814159,K2-06
2024-07-27,46.36585366,K2-06
2024-08-20,62.08,K2-06
2024-09-22,72.57522124,K2-06
2024-06-21,79.41284404,K1-08
2024-07-27,62.75510204,K1-08
2024-08-20,62.45631068,K1-08
2024-09-22,89.60952381,K1-08
2024-06-23,124.1610169,K6-04
2024-07-28,123.2105263,K6-04
2024-08-22,65.17142857,K6-04
2024-09-23,73.75454545,K6-04
2024-06-21,97.36363636,K1-10
2024-07-27,56.03225806,K1-10
2024-08-20,66.12380952,K1-10
2024-09-22,95.25892857,K1-10
2024-06-21,100.9528302,K3-04
2024-07-29,71.90654206,K3-04
2024-08-20,104.5416667,K3-04
2024-09-22,100.1028037,K3-04
2024-06-21,85.58974359,K3-05
2024-06-23,129.0571429,K6-01
2024-06-21,80.85454545,K3-02
2024-07-29,68.89,K3-02
2024-08-20,80.75471698,K3-02
2024-09-22,82.46846847,K3-02
2024-06-18,83.15533981,M6-06
2024-07-14,83.31192661,M6-06
2024-08-17,48.30097087,M6-06
2024-09-21,59.85714286,M6-06
2024-06-18,64.32173913,M6-08
2024-07-14,49.07142857,M6-08
2024-08-17,43.63106796,M6-08
2024-09-21,48.11403509,M6-08
2024-06-15,61.00934579,M1-10
2024-07-12,61.42982456,M1-10
2024-08-17,57.65714286,M1-10
2024-09-20,63.60869565,M1-10
2024-06-15,61.00934579,M1-10
2024-07-12,61.42982456,M1-10
2024-08-17,57.65714286,M1-10
2024-09-20,63.60869565,M1-10
2024-06-15,50.55555556,M1-12
2024-07-12,48.42342342,M1-12
2024-08-17,32.88990826,M1-12
2024-09-20,42.50442478,M1-12
2024-06-16,69.19827586,M4-06
2024-07-13,55.32743363,M4-06
2024-08-18,53.75471698,M4-06
2024-09-21,65.88349515,M4-06
2024-06-16,68.72072072,M2-08
2024-07-12,64.8490566,M2-08
2024-08-18,49.91509434,M2-08
2024-09-20,47.72321429,M2-08
2024-06-16,63.16964286,M2-10
2024-07-12,49.125,M2-10
2024-08-18,40.28571429,M2-10
2024-09-20,38.22033898,M2-10
2024-06-18,68.13043478,M6-02
2024-07-14,60.27522936,M6-02
2024-08-17,38.68571429,M6-02
2024-09-21,48.62727273,M6-02
2024-06-18,79.47863248,M6-04
2024-07-14,79.23423423,M6-04
2024-08-17,28.6875,M6-04
2024-09-21,47.15044248,M6-04
2024-06-15,62.078125,M1-11
2024-06-16,60.99107143,M4-08
2024-07-13,44.74107143,M4-08
2024-08-18,47.40909091,M4-08
2024-09-21,51.41904762,M4-08
2024-06-16,55.74528302,M2-12
2024-07-12,51.70754717,M2-12
2024-08-18,42.43396226,M2-12
2024-09-20,27.96721311,M2-12
2024-06-17,62.58064516,M5-10
2024-07-14,69.94642857,M5-10
2024-08-19,56.3627451,M5-10
2024-09-21,45.15929204,M5-10
2024-06-17,67.04587156,M5-06
2024-07-14,50.0462963,M5-06
2024-08-18,47.10526316,M5-06
2024-09-21,38.38938053,M5-06
2024-06-15,67.20560748,M1-07
2024-06-16,58.03333333,M4-10
2024-07-13,50.21008403,M4-10
2024-08-18,40.72380952,M4-10
2024-09-21,55.23148148,M4-10
2024-06-16,67.93043478,M2-06
2024-07-12,44.05982906,M2-06
2024-08-18,45.66071429,M2-06
2024-09-20,48.71559633,M2-06
2024-06-17,56.64957265,M5-02
2024-07-14,54.58474576,M5-02
2024-08-18,49.97169811,M5-02
2024-09-21,39.39473684,M5-02
2024-06-17,63.68965517,M3-12
2024-07-13,63.38095238,M3-12
2024-08-16,53.61320755,M3-12
2024-09-20,33.49514563,M3-12
2024-06-16,57.85,M4-02
2024-07-13,45.79338843,M4-02
2024-08-17,34.43137255,M4-02
2024-09-21,51.9375,M4-02
2024-06-16,103.1081081,M2-11
2024-06-16,64,M4-03
2024-06-16,74.7826087,M2-02
2024-07-12,52.80487805,M2-02
2024-08-18,54.97413793,M2-02
2024-09-20,58.17924528,M2-02
2024-06-16,82.80909091,M2-04
2024-07-12,63.99107143,M2-04
2024-08-18,56.95614035,M2-04
2024-09-20,56.80357143,M2-04
2024-06-17,55.48305085,M5-12
2024-07-14,44.21238938,M5-12
2024-08-19,44.54918033,M5-12
2024-09-21,29.8018018,M5-12
2024-06-15,54.3592233,M1-08
2024-07-12,58.5859375,M1-08
2024-08-17,42.00943396,M1-08
2024-09-20,55.81512605,M1-08
2024-06-15,62.81081081,M1-09
2024-06-15,64.38834951,M1-01
2024-06-15,45.76041667,M1-02
2024-07-12,41.39423077,M1-02
2024-08-17,33.17475728,M1-02
2024-09-20,40.78378378,M1-02
2024-06-15,55.70588235,M1-03
2024-06-15,49.78846154,M1-05
2024-06-15,80.32432432,M1-04
2024-07-12,78.171875,M1-04
2024-08-17,56.94017094,M1-04
2024-09-20,63.09090909,M1-04
2024-06-15,47.99065421,M1-06
2024-07-12,51.7037037,M1-06
2024-07-13,34.44444444,M1-06
2024-08-17,43.98198198,M1-06
2024-09-20,38.42857143,M1-06
2024-06-17,64.05932203,M5-04
2024-07-14,48.44827586,M5-04
2024-08-18,34.04587156,M5-04
2024-09-21,42.43859649,M5-04
2024-06-17,83.54471545,M3-02
2024-07-13,111.5175439,M3-02
2024-08-16,65.43362832,M3-02
2024-09-21,55.83486239,M3-02
2024-06-17,66.12173913,M3-06
2024-07-13,65.7295082,M3-06
2024-08-16,52.54464286,M3-06
2024-09-21,55.95575221,M3-06
2024-06-17,64.70866142,M3-10
2024-07-13,64.00952381,M3-10
2024-08-16,59.38095238,M3-10
2024-09-20,75.0625,M3-10
2024-06-17,56.23140496,M3-08
2024-07-13,66.65486726,M3-08
2024-08-16,55.31896552,M3-08
2024-09-20,40.02678571,M3-08
2024-06-16,60.43859649,M4-04
2024-07-13,61.18055556,M4-04
2024-08-18,42.975,M4-04
2024-09-21,55.47272727,M4-04
2024-06-17,71.39130435,M5-08
2024-07-14,65.4137931,M5-08
2024-08-19,52.65656566,M5-08
2024-09-21,50.51694915,M5-08
2024-06-17,59.24786325,M3-04
2024-07-13,56.08264463,M3-04
2024-08-16,40.25471698,M3-04
2024-09-21,43.64166667,M3-04
2024-06-16,81.62857143,M4-12
2024-07-13,63.29090909,M4-12
2024-08-18,56.42342342,M4-12
2024-09-20,123.2580645,M4-12
2024-06-18,75.85436893,M6-12
2024-07-14,54.30769231,M6-12
2024-08-17,42.703125,M6-12
2024-09-21,53.47826087,M6-12
2024-06-18,70.28205128,M6-10
2024-07-14,57.46456693,M6-10
2024-08-17,37.765625,M6-10
2024-09-21,50.61261261,M6-10